residue_num,residue_name,interface_score
1,L,2.7298201410000003
2,A,3.287135379
3,G,5.448922371
4,I,2.939118575
5,V,2.749991455
6,M,5.399977963
7,G,3.0790384860000004
8,D,2.04617057
9,L,4.98065317
10,V,6.311909854
11,L,2.153682196
12,T,1.892144815
13,V,5.413349241000001
14,L,6.418297204
15,I,2.801152798
16,A,4.168171781
17,L,6.687013757999999
18,A,5.995944046
19,V,2.366625446
20,Y,5.846601491
21,F,8.578197012999999
22,L,6.981502274
