residue_num,residue_name,interface_score
1,A,4.129257923646814
2,I,1.959741819730344
3,I,3.9709388058745
4,G,5.843997347706449
5,L,1.7315856894765556
6,M,1.8729257860363813
7,V,5.23656881937018
8,G,5.9295801706360285
9,G,3.4419275123105084
10,V,3.5272365954100664
11,V,6.880741093806684
12,I,4.521220521054024
13,A,3.468864511623364
14,T,5.575841281815686
15,V,6.310160853734236
16,I,3.077288579252845
17,V,3.1601773684399417
18,I,5.951879451064174
19,T,4.008396562217865
20,L,3.1857477929051448
21,V,5.776724764085617
22,M,7.548831035332562
23,L,3.639955631597732
