Residue_i_number,Residue_j_number,Residue_i,Residue_j,Distance
10,10,A,A,0.0
10,11,A,T,1.3230398
10,12,A,A,3.5472157
10,13,A,L,4.2275915
10,14,A,F,2.9936209
10,15,A,V,5.2898316
10,16,A,L,7.6660457
10,17,A,V,8.485183
10,18,A,P,8.243566
10,21,A,F,14.173292
10,22,A,L,15.650218
10,24,A,I,18.246199
11,11,T,T,0.0
11,12,T,A,1.3223413
11,13,T,L,3.3799272
11,14,T,F,3.4092622
11,15,T,V,3.1148877
11,16,T,L,5.1185126
11,17,T,V,7.249062
11,18,T,P,7.508009
11,21,T,F,12.705689
11,22,T,L,13.863193
11,24,T,I,16.703228
12,12,A,A,0.0
12,13,A,L,1.3295126
12,14,A,F,3.3603554
12,15,A,V,3.2188535
12,16,A,L,2.999105
12,17,A,V,4.8347344
12,18,A,P,6.4747906
12,21,A,F,10.639148
12,22,A,L,12.422309
12,24,A,I,14.28539
13,13,L,L,0.0
13,14,L,F,1.3232077
13,15,L,V,2.766469
13,16,L,L,3.327008
13,17,L,V,3.0744228
13,18,L,P,3.5910683
13,21,L,F,8.753389
13,22,L,L,10.579116
13,24,L,I,12.712045
14,14,F,F,0.0
14,15,F,V,1.3219229
14,16,F,L,3.999791
14,17,F,V,5.1390314
14,18,F,P,3.4925272
14,21,F,F,9.465804
14,22,F,L,9.830501
14,24,F,I,13.799008
15,15,V,V,0.0
15,16,V,L,1.3306547
15,17,V,V,3.536358
15,18,V,P,3.513949
15,21,V,F,6.8026958
15,22,V,L,7.923691
15,24,V,I,10.638825
16,16,L,L,0.0
16,17,L,V,1.3277949
16,18,L,P,3.2901163
16,21,L,F,4.6997905
16,22,L,L,6.539546
16,24,L,I,8.591783
17,17,V,V,0.0
17,18,V,P,1.3223995
17,21,V,F,3.0649478
17,22,V,L,5.299329
17,24,V,I,7.3021226
18,18,P,P,0.0
18,21,P,F,3.035057
18,22,P,L,3.1496303
18,24,P,I,7.036004
21,21,F,F,0.0
21,22,F,L,1.3245956
21,24,F,I,3.5183463
22,22,L,L,0.0
22,24,L,I,3.1602662
24,24,I,I,0.0
