Residue_i_number,Residue_j_number,Residue_i,Residue_j,Distance
5,5,F,F,0.0
5,7,F,S,3.568125
5,8,F,A,3.3253713
5,10,F,Y,5.0593953
5,13,F,V,8.57434
5,14,F,L,10.714043
5,16,F,A,13.300228
5,17,F,F,14.505739
5,18,F,L,16.646727
5,20,F,Y,19.255255
5,21,F,E,21.000793
7,7,S,S,0.0
7,8,S,A,1.3371613
7,10,S,Y,3.598184
7,13,S,V,7.0818863
7,14,S,L,6.743759
7,16,S,A,10.817892
7,17,S,F,12.492566
7,18,S,L,13.422889
7,20,S,Y,16.749605
7,21,S,E,18.238846
8,8,A,A,0.0
8,10,A,Y,3.340613
8,13,A,V,4.9750686
8,14,A,L,6.9379277
8,16,A,A,8.909915
8,17,A,F,10.904066
8,18,A,L,12.412411
8,20,A,Y,14.899675
8,21,A,E,16.779354
10,10,Y,Y,0.0
10,13,Y,V,3.2566848
10,14,Y,L,2.8909497
10,16,Y,A,6.6300807
10,17,Y,F,7.4639564
10,18,Y,L,8.774948
10,20,Y,Y,12.259594
10,21,Y,E,13.463091
13,13,V,V,0.0
13,14,V,L,1.341865
13,16,V,A,3.199388
13,17,V,F,2.8977451
13,18,V,L,4.994238
13,20,V,Y,7.748904
13,21,V,E,8.960016
14,14,L,L,0.0
14,16,L,A,3.264495
14,17,L,F,3.0697706
14,18,L,L,2.8797758
14,20,L,Y,6.901678
14,21,L,E,7.7032075
16,16,A,A,0.0
16,17,A,F,1.3342527
16,18,A,L,3.3776398
16,20,A,Y,3.1315546
16,21,A,E,5.049833
17,17,F,F,0.0
17,18,F,L,1.333194
17,20,F,Y,3.2650082
17,21,F,E,2.8994477
18,18,L,L,0.0
18,20,L,Y,3.3488827
18,21,L,E,3.0973394
19,20,G,Y,1.3265256
19,21,G,E,3.2552397
20,20,Y,Y,0.0
20,21,Y,E,1.3362386
21,21,E,E,0.0
