residue_name,residue_num,interface_score
A,1,-0.074307823
T,2,0.0618427779999999
I,3,0.189487537
I,4,-0.1017524889999999
L,5,0.1171664379999999
S,6,-0.0704553519999999
T,7,-0.3209833010000001
F,8,-0.0971412039999999
L,9,-0.382153194
L,10,0.2179467940000001
I,11,0.1344523040000001
G,12,0.0602672359999999
W,13,0.595060575
V,14,0.298095543
A,15,-0.0373108959999999
F,16,-0.4755757199999999
I,17,0.0402839059999999
I,18,-0.298646236
T,19,0.340953976
Y,20,0.0897647579999999
