residue_name,residue_num,interface_score
L,1,-0.1254452020000001
I,2,-0.189691579
I,3,-0.1846906189999999
F,4,-0.1608283699999999
G,5,0.551553933
V,6,0.0661888189999999
M,7,0.153260924
A,8,0.201011728
G,9,0.622738067
V,10,0.156355954
I,11,-0.0673555429999999
G,12,0.6315581100000001
T,13,0.737715465
I,14,-0.14829198
L,15,-0.258533203
