residue_name,residue_num,interface_score
L,1,-0.158605761
T,2,-0.1137203259999999
S,3,0.14625798
I,4,-0.0654840539999999
I,5,-0.071504591
S,6,0.1905123869999999
A,7,-0.028587063
V,8,0.0460334559999999
V,9,0.065490123
G,10,0.499149498
I,11,-0.0709980029999999
L,12,-0.142288092
L,13,-0.0422698329999999
V,14,0.0484828419999999
V,15,0.148907028
V,16,0.042907362
L,17,-0.0305260279999999
G,18,0.688931711
V,19,0.144125917
V,20,0.1473721690000001
F,21,0.0
G,22,0.741650613
I,23,0.012996954
L,24,-0.2230081230000001
