residue_name,residue_num,interface_score
L,1,-0.3497902340000001
L,2,0.006028703
F,3,0.000485899
Y,4,-0.938366634
V,5,-0.8285252489999999
I,6,-0.3256404289999999
F,7,0.0176268699999999
Y,8,-0.2102699910000001
G,9,0.243019346
C,10,0.08127689
L,11,0.151117591
A,12,-0.1699581269999999
G,13,0.336726368
I,14,0.1186445820000001
F,15,0.3200402859999999
I,16,0.0418885909999999
G,17,0.1847059170000001
T,18,0.149598962
I,19,-0.0343084
Q,20,0.243271736
V,21,-1.090085536
M,22,0.138368203
L,23,0.10780346
L,24,0.216915257
T,25,0.126024957
I,26,0.161653869
