residue_name,residue_num,interface_score
V,1,-0.05125
L,2,-0.2208333330000001
L,3,0.0583333329999999
S,4,0.153333333
V,5,0.2225
M,6,0.314166667
G,7,0.044166667
A,8,0.360833333
I,9,0.415833333
L,10,0.348333333
L,11,0.205
I,12,0.155
G,13,0.134166667
L,14,0.19375
A,15,0.029166667
A,16,0.325
L,17,0.498333333
L,18,0.479166667
I,19,-0.0449999999999999
