residue_name,residue_num,interface_score
W,1,-0.8790035587188609
V,2,0.1814946619217083
L,3,0.0
V,4,0.293001186
G,5,0.316725979
V,6,-0.1518386709999999
L,7,-0.2135231316725981
G,8,0.0154211149999999
G,9,0.268090154
L,10,-0.391459075
L,11,-0.6263345195729539
L,12,-0.230130486
L,13,-2.357058126
T,14,0.181494662
I,15,0.0
L,16,-0.01423487544484
V,17,0.0854092526690392
L,18,-0.743772241992882
A,19,0.15658363
M,20,-0.1103202846975091
W,21,-0.5516014234875439
