residue_name,residue_num,interface_score
T,1,0.111494253
L,2,0.126436782
L,3,0.114176245
L,4,0.205363985
L,5,0.216091954
A,6,-0.8459770114942531
I,7,0.2390804600000001
L,8,0.45440613
V,9,0.0643678159999999
W,10,-0.5532567049999999
L,11,0.372873563
Q,12,0.6349425289999999
Y,13,-0.1896551719999999
S,14,-0.5524904209999999
L,15,0.486206897
W,16,0.0252873559999999
F,17,-0.0873563219999999
