residue_name,residue_num,interface_score
Y,1,0.288610614
G,2,0.273106738
V,3,0.297555158
V,4,-0.1484794279999999
L,5,0.2748956469886703
G,6,0.432319618
A,7,0.4287418008348242
V,8,-0.135360763
I,9,-0.0840787119999999
G,10,0.520174916
G,11,-0.153846154
V,12,-0.4442456770000001
L,13,0.2200357781753131
G,14,0.412045319
V,15,-0.247465713
V,16,-0.2731067380000001
L,17,0.3607632677400119
L,18,-1.225402504472272
L,19,-0.565891472868217
L,20,-0.0459153249850921
L,21,0.344066785927251
L,22,-0.542039355992844
F,23,-1.231961837
Y,24,-1.673225999
V,25,-0.4836016700000001
V,26,-0.143709004
