residue_name,residue_num,interface_score
I,1,0.616356337
L,2,0.1586716970000001
I,3,-0.092603781
G,4,-0.0613837129999999
C,5,0.1094784129999999
L,6,0.469212369
V,7,0.137730573
A,8,0.1290440309999999
I,9,0.299038248
I,10,0.465120946
L,11,-0.042759076
L,12,0.2190701979999999
L,13,0.638464885
L,14,0.183390432
L,15,0.0702158009999999
I,16,0.312558122
I,17,0.3809688210000001
A,18,-0.0028510159999999
L,19,0.2397128549999999
M,20,0.4580798939999999
L,21,0.268775122
