residue_name,residue_num,interface_score
I,1,0.208
C,2,-0.3280000000000001
G,3,0.646
A,4,-0.2549999999999999
V,5,0.077
F,6,0.13
G,7,0.646
C,8,0.3370000000000001
I,9,0.365
F,10,0.0
G,11,0.598
A,12,-0.141
L,13,-0.25
V,14,-0.1459999999999999
I,15,0.0
V,16,0.0
T,17,0.0
V,18,0.0
G,19,-0.986
G,20,-1.552
