residue_name,residue_num,interface_score
L,1,-0.0898571429999999
L,2,-0.2234285709999999
S,3,0.293166667
H,4,0.341285714
L,5,-0.0171666669999999
L,6,-0.269428571
A,7,0.132166667
I,8,-0.066
G,9,0.099428571
L,10,0.025
G,11,0.878714286
I,12,0.197
Y,13,-0.06675
I,14,0.302
G,15,0.7321428569999999
