residue_name,residue_num,interface_score
V,1,0.064252744
V,2,0.2248498879999999
V,3,0.276899531
I,4,0.257334563
S,5,0.1571196640000001
V,6,0.1059095059999999
L,7,0.2617415470000001
A,8,0.231873565
I,9,-0.0255860709999999
L,10,0.234072576
S,11,0.2142015820000001
T,12,0.14586607
L,13,0.089057787
L,14,0.130127663
I,15,-0.360075884
G,16,-0.1336872330000001
L,17,-0.0054120749999999
L,18,0.248927142
L,19,0.1235713209999999
V,20,0.1490242979999999
T,21,0.177067478
L,22,0.149643385
I,23,0.28678552
I,24,0.2269344940000001
L,25,0.297185783
