residue_name,residue_num,interface_score
C,1,-0.2230799999999999
V,2,-0.00852
V,3,-0.4006799999999999
L,4,-0.27447
Y,5,0.7219
V,6,-0.0976699999999999
A,7,-0.10995
S,8,0.6090599999999999
S,9,0.5505800000000001
L,10,-0.1066
F,11,0.10783
L,12,0.4993099999999999
M,13,0.29625
V,14,-0.0666500000000001
M,15,-0.1641600000000001
Y,16,0.55278
