residue_name,residue_num,interface_score
L,1,0.3212667929999999
I,2,0.151229767
L,3,0.0386102109999999
G,4,0.801738971
I,5,-0.0859444549999999
C,6,-0.176332825
A,7,-0.102766237
G,8,0.0115107089999999
G,9,-1.067016192
L,10,0.1336045640000001
A,11,0.765818365
V,12,-0.736362346
L,13,0.1210253529999999
I,14,0.100388787
L,15,-0.2051494629999999
L,16,0.166710927
L,17,0.537041372
G,18,-0.5077497719999999
A,19,0.13115984
I,20,-0.0880352609999999
I,21,0.089935859
V,22,0.0216482799999999
I,23,-0.3707168320000001
I,24,-0.3813776870000001
