residue_name,residue_num,interface_score
G,1,-0.200573066
A,2,-0.419770773638968
L,3,0.153295128939828
A,4,-0.21919770773639
A,5,-0.3123209169054439
Q,6,0.728510029
L,7,0.1246418338108882
A,8,-0.233524355300859
L,9,0.2535816618911174
L,10,0.2779369627507163
G,11,-0.171203438
L,12,0.3510028653295129
G,13,-0.3667621780000001
L,14,0.1017191977077363
L,15,0.3123209169054441
H,16,0.8517191980000001
A,17,-0.032951289398281
L,18,0.2134670487106017
L,19,0.2449856733524355
L,20,0.4183381088825214
