residue_name,residue_num,interface_score
I,1,0.0327715459999999
I,2,-0.064485804
P,3,-0.638593865
L,4,-0.0717097900000001
I,5,0.164438465
V,6,0.035680723
V,7,-0.312156654
S,8,0.222466372
A,9,0.1543791990000001
L,10,0.0315415959999999
T,11,0.304744974
F,12,-0.296147183
V,13,-0.1415219400000001
C,14,-0.206709399
L,15,0.496652432
I,16,0.220230351
L,17,0.0551953509999999
L,18,-0.1045294219999999
I,19,0.179554332
A,20,-0.108355202
V,21,0.0968478490000001
L,22,0.25221523
V,23,-0.010867385
