residue_name,residue_num,interface_score
L,1,-0.0351733499999999
I,2,-0.128281163
L,3,0.2996183
A,4,-0.066725477
V,5,0.305938452
V,6,0.1905330390000001
G,7,-0.0417422089999999
S,8,-0.029688927
V,9,0.0740397
S,10,-0.062638806
A,11,-0.239370163
T,12,-0.443337487
C,13,0.206779307
L,14,0.44438985
T,15,0.216438015
I,16,-0.1481915149999999
L,17,0.411288699
A,18,-0.098914865
A,19,0.194107842
L,20,0.0589835079999999
L,21,0.013366247
T,22,-0.0871852829999999
L,23,0.2209601640000001
V,24,0.036352409
