residue_name,residue_num,interface_score
R,1,0.411495352
E,2,-0.4762136130000001
V,3,0.0501481209999999
G,4,0.192091593
W,5,0.227081442
M,6,0.279278919
A,7,-0.1926978939999999
A,8,0.0449538509999999
G,9,0.66007511
L,10,0.436394761
M,11,0.1870745190000001
I,12,0.529248896
G,13,0.558622119
A,14,-0.2682872700000001
G,15,-0.0852830829999999
A,16,-0.1944169179999999
C,17,0.0302625409999999
Y,18,-0.0940761510000001
C,19,-0.2587598339999999
V,20,-0.02763252
