residue_name,residue_num,interface_score
L,1,0.2258
A,2,-0.0066666669999999
N,3,-0.4345000000000001
F,4,0.178
G,5,0.1205000000000001
G,6,0.051666667
L,7,0.422
A,8,0.1855
V,9,-0.012
G,10,0.8776
L,11,0.253
G,12,0.2105
F,13,-0.4603333329999999
G,14,0.854
A,15,-0.250666667
L,16,0.627
A,17,0.0659999999999999
