residue_name,residue_num,interface_score
T,1,-0.1739040000000001
W,2,-0.089345
V,3,-0.0120009999999999
L,4,0.0544989999999999
A,5,-0.0346439999999999
G,6,0.3247895
G,7,0.641088
V,8,0.133664
L,9,0.0506109999999999
A,10,0.148697
A,11,0.255493
V,12,-0.1202179999999999
A,13,0.390246
A,14,0.485453
Y,15,0.0009945
C,16,0.0012229999999999
L,17,-0.095715
A,18,0.0
T,19,-0.05942
