residue_name,residue_num,interface_score
V,1,-0.1897717990000001
L,2,0.085079208
L,3,0.15498877
G,4,0.95340745
A,5,0.17725311
V,6,0.074663115
G,7,-0.164828193
G,8,0.774639666
A,9,0.48328813
G,10,0.10111432
A,11,-0.159522945
T,12,0.1937373509999999
A,13,0.446080722
L,14,0.0750061029999999
V,15,-0.0899079549999999
F,16,0.279020316
L,17,0.1941995909999999
S,18,0.304172959
F,19,0.098107838
C,20,0.118544957
