residue_num,residue_name,interface_score
1,F,8.8003329482469
2,F,3.3801789893436114
3,M,2.967298097596532
4,I,7.027158600743263
5,N,7.299072064310641
6,T,3.9363029609012568
7,S,3.05092526948793
8,I,5.403090689596093
9,L,5.943626670644784
10,L,2.4712759862063183
11,I,2.629394416971328
12,F,5.534880938195513
13,I,6.4543276179630045
14,F,2.5219042408465886
15,I,2.457360168961805
16,V,5.7651690348158935
17,L,6.174524192194895
18,L,2.268425665522236
