residue_num,residue_name,interface_score
1,V,6.051066434935253
2,V,2.6230446050343854
3,V,3.071790682973044
4,I,5.388052523871682
5,S,3.918631138548256
6,A,3.188603142443412
7,I,5.719572973570667
8,L,6.177761487788278
9,A,2.8302501656214067
10,L,3.581895308352828
11,V,6.096373102099313
12,V,2.8657463251306803
13,L,2.472995551957181
14,T,5.685307907228947
15,I,6.375618322955037
16,I,2.204090288531756
17,S,2.7809692554934866
18,L,6.099911884609482
19,I,5.425027741864551
20,I,1.8200843387052152
21,L,6.561556598856707
22,I,8.405072932461682
23,M,3.8168810565696174
24,L,4.579181695456078
25,W,8.149698276623496
