residue_num,residue_name,interface_score
1,L,5.467222055120863
2,C,0.4816450975562817
3,Y,4.120693752270364
4,L,5.943453373250269
5,L,2.655952748073656
6,D,1.8975465738684785
7,G,5.603569844304611
8,I,6.8022867478517846
9,L,2.9197958832767736
10,F,3.7597305754535126
11,I,6.590960931457567
12,Y,2.3161612638156264
13,G,3.4113828574347966
14,V,4.880320788636747
15,I,6.760397695402245
16,L,2.9985344753729275
17,T,2.3183224538445897
18,A,6.079947861618552
19,L,3.4888809094034725
20,F,3.5175292465024373
21,L,6.388866018316553
