residue_num,residue_name,interface_score
1,I,5.976399752359276
2,V,6.503811036615378
3,A,3.2164245677459933
4,V,3.296466138154615
5,I,6.043651297022357
6,F,4.850356069403565
7,G,3.2426126811569707
8,L,3.18079691272486
9,L,5.717471644004892
10,L,5.293734220755704
11,G,3.1524146300891323
12,A,3.3726394708002814
13,A,5.866099470687486
14,L,6.748983182672781
15,L,3.273368448555708
16,L,3.12847710555791
17,G,8.260879977338979
18,I,10.33733684272695
19,L,5.16197249120915
20,V,7.664154552199482
21,F,11.537501635969546
