residue_num,residue_name,interface_score
1,V,6.351790298805527
2,Y,2.5893221120594467
3,A,3.4610738218073323
4,G,5.895848454633143
5,I,3.9397286708604695
6,L,2.5793991548420725
7,S,5.893758563090281
8,Y,3.131350188017941
9,G,3.2561380498989902
10,V,3.882337053889062
11,G,6.455445065988866
12,F,3.0665818104201943
13,F,3.076576993998363
14,L,5.826347397812801
15,F,7.147608341256536
16,I,3.3117496886087268
17,L,4.510846262066576
18,V,7.636363728896104
19,V,6.318357856278797
20,A,5.169713918583889
21,A,7.974805640264845
22,V,8.074940247456944
23,T,3.26596172665878
24,L,3.2972769067823235
25,C,8.114475645412956
